artist_id,name,strand,formed_year,degree,weighted_degree,betweenness,eigenvector,community_full
arbovirus,Arbovirus,Alternative/Indie,2001,6,6.0,0.0,0.0,1
ark,Ark,Mainstream Rock,1991,0,0,0.0,0.0,8
arnob,Shayan Chowdhury Arnob,Folk & Folk Fusion,1998,0,0,0.0,0.0,9
artcell,Artcell,Progressive Rock/Metal,1999,9,13.0,0.00896,0.0,0
ashes,Ashes,Alternative/Indie,2006,1,1.0,0.0,0.0,1
ashraf-babu-charu,Ashraf Babu & Charu,Hip-Hop/Rap,1993,0,0,0.0,0.0,10
aurthohin,Aurthohin,Alternative/Indie,1998,2,2.0,0.0,0.0,0
azam-khan-uchcharon,Azam Khan & Uchcharon,Mainstream Rock,1972,0,0,0.0,0.0,11
black,Black,Alternative/Indie,1998,3,4.0,0.01692,0.0,2
chirkutt,Chirkutt,Folk & Folk Fusion,2002,6,6.0,0.0,0.0,1
conclusion,Conclusion,Alternative/Indie,2011,1,1.0,0.0,0.0,5
cryptic-fate,Cryptic Fate,Heavy Metal,1993,8,11.0,0.00475,0.0,1
de-illumination,De-illumination,Heavy Metal,2006,2,2.0,0.0,0.0,0
deshi-mcs,Deshi MCs,Hip-Hop/Rap,2005,0,0,0.0,0.0,12
feedback,Feedback,Mainstream Rock,1976,1,1.0,0.0,0.0,0
habib-wahid,Habib Wahid,Pop,2003,1,1.0,0.0,0.0,6
hannan,Hannan (Hannan Hossain Shimul),Hip-Hop/Rap,2024,0,0,0.0,0.0,13
imran-mahmudul,Imran Mahmudul,Pop,2008,0,0,0.0,0.0,14
indalo,Indalo,Alternative/Indie,2012,3,3.5,0.00249,0.0,2
jalali-set,Jalali Set,Hip-Hop/Rap,2014,0,0,0.0,0.0,15
james-nagar-baul,James (Nagar Baul),Mainstream Rock,1977,3,2.5,0.01456,0.0,3
karnival,Karnival,Progressive Rock/Metal,2006,11,9.5,0.04948,0.0,0
kona,Kona (Dilshad Nahar Kona),Pop,2006,0,0,0.0,0.0,16
lalon-band,Lalon (Lalon Band),Folk & Folk Fusion,2001,6,6.0,0.0,0.0,1
lrb,LRB (Love Runs Blind),Mainstream Rock,1991,2,2.0,0.0,0.0,3
maqsood-o-dhaka,Maqsood O' Dhaka,Folk & Folk Fusion,1997,4,4.0,0.0,0.0,1
mechanix,Mechanix,Heavy Metal,2005,8,9.0,0.02442,0.0,1
meghdol,Meghdol,Alternative/Indie,2003,0,0,0.0,0.0,17
metal-maze,Metal Maze,Heavy Metal,1995,6,4.5,0.00095,0.0,0
miles,Miles,Mainstream Rock,1979,0,0,0.0,0.0,18
minar-rahman,Minar Rahman,Pop,2008,0,0,0.0,0.0,19
muza,Muza (Muzahid Abdullah),Pop,2013,1,1.0,0.0,0.0,6
nancy,Nancy (Nazmun Munira Nancy),Pop,2002,0,0,0.0,0.0,20
nemesis,Nemesis,Alternative/Indie,1999,10,11.0,0.02464,0.0,1
nova,Nova,Mainstream Rock,1986,7,4.0,0.04324,0.0,0
owned,Owned,Alternative/Indie,2007,1,1.0,0.0,0.0,5
poizon-green,Poizon Green,Heavy Metal,1998,6,6.5,0.00095,0.0,0
powersurge,Powersurge,Heavy Metal,2006,11,12.0,0.05108,0.0,0
prometheus,Prometheus,Mainstream Rock,1986,0,0,0.0,0.0,21
renaissance,Renaissance,Mainstream Rock,1985,5,5.0,0.01787,0.0,1
rockstrata,Rockstrata,Heavy Metal,1991,7,8.0,0.00191,0.0,0
severe-dementia,Severe Dementia,Heavy Metal,2004,1,1.0,0.0,0.0,0
shezan,Shezan,Hip-Hop/Rap,2018,2,1.0,0.0,0.0,4
shironamhin,Shironamhin,Alternative/Indie,1996,0,0,0.0,0.0,22
shohojia,Shohojia,Alternative/Indie,,0,0,0.0,0.0,23
shonar-bangla-circus,Shonar Bangla Circus,Alternative/Indie,2018,0,0,0.0,0.0,24
shunno,Shunno,Alternative/Indie,2007,6,6.0,0.0,0.0,1
souls,Souls,Mainstream Rock,1972,3,3.0,0.00774,0.0,3
stentorian,Stentorian,Heavy Metal,2001,1,1.0,0.0,0.0,7
stoic-bliss,Stoic Bliss,Hip-Hop/Rap,2004,2,1.0,0.0,0.0,4
tahsan,Tahsan Rahman Khan,Pop,2004,1,1.0,0.0,0.0,2
theology-of-rap,Theology of Rap,Hip-Hop/Rap,2005,0,0,0.0,0.0,25
trainwreck,Trainwreck,Heavy Metal,2007,1,0.5,0.0,0.0,0
uptown-lokolz,Uptown Lokolz,Hip-Hop/Rap,2005,2,1.0,0.0,0.0,4
vibe,Vibe,Heavy Metal,2001,0,0,0.0,0.0,26
warfaze,Warfaze,Heavy Metal,1984,15,21.0,0.0759,0.0,1
winning,Winning,Mainstream Rock,1983,0,0,0.0,0.0,27
yaatri,Yaatri,Alternative/Indie,2004,1,1.0,0.0,0.0,7
