artist_id,artist,strand,formed_year,era,influence,kind,confidence,sourced
arbovirus,Arbovirus,Alternative/Indie,2001,Digital transition (2000-2009),Nu Metal,tradition,high,1
arbovirus,Arbovirus,Alternative/Indie,2001,Digital transition (2000-2009),Grunge,tradition,high,1
arbovirus,Arbovirus,Alternative/Indie,2001,Digital transition (2000-2009),Blade II,tradition,high,1
arekta-rock-band,Arekta Rock Band,Alternative/Indie,2018,Streaming era (2010-),Video-game,tradition,medium,1
arekta-rock-band,Arekta Rock Band,Alternative/Indie,2018,Streaming era (2010-),Screen Culture,tradition,medium,1
ark,Ark,Mainstream Rock,1991,Metal & cassette era (1985-1999),Western Hard Rock Traditions,tradition,low,1
arnob,Shayan Chowdhury Arnob,Folk & Folk Fusion,1998,Metal & cassette era (1985-1999),Jazz,global_artist,high,1
arnob,Shayan Chowdhury Arnob,Folk & Folk Fusion,1998,Metal & cassette era (1985-1999),Blues,global_artist,high,1
arnob,Shayan Chowdhury Arnob,Folk & Folk Fusion,1998,Metal & cassette era (1985-1999),Western Rock,global_artist,high,1
arnob,Shayan Chowdhury Arnob,Folk & Folk Fusion,1998,Metal & cassette era (1985-1999),Santiniketan,tradition,medium,1
arnob,Shayan Chowdhury Arnob,Folk & Folk Fusion,1998,Metal & cassette era (1985-1999),Visva-bharati Arts Education,tradition,medium,1
artcell,Artcell,Progressive Rock/Metal,1999,Metal & cassette era (1985-1999),Dream Theater,global_artist,high,1
artcell,Artcell,Progressive Rock/Metal,1999,Metal & cassette era (1985-1999),Metallica,global_artist,high,1
artcell,Artcell,Progressive Rock/Metal,1999,Metal & cassette era (1985-1999),Pink Floyd,global_artist,high,1
artcell,Artcell,Progressive Rock/Metal,1999,Metal & cassette era (1985-1999),Sepultura,global_artist,high,1
artcell,Artcell,Progressive Rock/Metal,1999,Metal & cassette era (1985-1999),Pantera,global_artist,high,1
artcell,Artcell,Progressive Rock/Metal,1999,Metal & cassette era (1985-1999),Opeth,global_artist,high,1
ashes,Ashes,Alternative/Indie,2006,Digital transition (2000-2009),Western Folk Rock,tradition,low,1
ashes,Ashes,Alternative/Indie,2006,Digital transition (2000-2009),Alternative Rock Traditions,tradition,low,1
ashraf-babu-charu,Ashraf Babu & Charu,Hip-Hop/Rap,1993,Metal & cassette era (1985-1999),American Hip-Hop,tradition,medium,1
aurthohin,Aurthohin,Alternative/Indie,1998,Metal & cassette era (1985-1999),Funk,tradition,medium,1
aurthohin,Aurthohin,Alternative/Indie,1998,Metal & cassette era (1985-1999),Jazz Fusion,tradition,medium,1
aurthohin,Aurthohin,Alternative/Indie,1998,Metal & cassette era (1985-1999),Progressive Metal Traditions,tradition,medium,1
avoidrafa,AvoidRafa,Mainstream Rock,2014,Streaming era (2010-),Heavy Metal,tradition,medium,1
avoidrafa,AvoidRafa,Mainstream Rock,2014,Streaming era (2010-),Progressive Metal,tradition,medium,1
avoidrafa,AvoidRafa,Mainstream Rock,2014,Streaming era (2010-),Hard Rock Traditions,tradition,medium,1
azam-khan-uchcharon,Azam Khan & Uchcharon,Mainstream Rock,1972,Founding era (pre-1985),Western Pop,tradition,low,1
azam-khan-uchcharon,Azam Khan & Uchcharon,Mainstream Rock,1972,Founding era (pre-1985),Rock Traditions,tradition,low,1
bay-of-bengal,Bay of Bengal,Alternative/Indie,2010,Streaming era (2010-),Progressive,tradition,medium,1
bay-of-bengal,Bay of Bengal,Alternative/Indie,2010,Streaming era (2010-),Experimental Rock Traditions,tradition,medium,1
black,Black,Alternative/Indie,1998,Metal & cassette era (1985-1999),Alice In Chains,global_artist,high,1
black,Black,Alternative/Indie,1998,Metal & cassette era (1985-1999),Nirvana,global_artist,high,1
black,Black,Alternative/Indie,1998,Metal & cassette era (1985-1999),Soundgarden,global_artist,high,1
chirkutt,Chirkutt,Folk & Folk Fusion,2002,Digital transition (2000-2009),International Festival,tradition,low,1
chirkutt,Chirkutt,Folk & Folk Fusion,2002,Digital transition (2000-2009),World-music Circuit,tradition,low,1
cryptic-fate,Cryptic Fate,Heavy Metal,1993,Metal & cassette era (1985-1999),Western Heavy Metal Traditions,tradition,medium,1
de-illumination,De-illumination,Heavy Metal,2006,Digital transition (2000-2009),International Symphonic Rock,tradition,high,1
de-illumination,De-illumination,Heavy Metal,2006,Digital transition (2000-2009),Metal Traditions,tradition,high,1
deshi-mcs,Deshi MCs,Hip-Hop/Rap,2005,Digital transition (2000-2009),Tupac,global_artist,high,1
deshi-mcs,Deshi MCs,Hip-Hop/Rap,2005,Digital transition (2000-2009),Biggie,global_artist,high,1
deshi-mcs,Deshi MCs,Hip-Hop/Rap,2005,Digital transition (2000-2009),Eminem,global_artist,high,1
deshi-mcs,Deshi MCs,Hip-Hop/Rap,2005,Digital transition (2000-2009),Big L,global_artist,high,1
f-minor,F Minor,Folk & Folk Fusion,2016,Streaming era (2010-),Indigenous Folk Traditions Of Bangladesh,tradition,high,1
feedback,Feedback,Mainstream Rock,1976,Founding era (pre-1985),Western Pop Rock,tradition,medium,1
feedback,Feedback,Mainstream Rock,1976,Founding era (pre-1985),Blues Rock,tradition,medium,1
feedback,Feedback,Mainstream Rock,1976,Founding era (pre-1985),Jazz Traditions,tradition,medium,1
habib-wahid,Habib Wahid,Pop,2003,Digital transition (2000-2009),Karsh Kale,tradition,medium,1
habib-wahid,Habib Wahid,Pop,2003,Digital transition (2000-2009),British-asian Electronic Music Scene,tradition,medium,1
habib-wahid,Habib Wahid,Pop,2003,Digital transition (2000-2009),EDM,tradition,high,1
habib-wahid,Habib Wahid,Pop,2003,Digital transition (2000-2009),Techno Production Traditions,tradition,high,1
hannan,Hannan (Hannan Hossain Shimul),Hip-Hop/Rap,2024,Streaming era (2010-),Global Protest,tradition,low,1
hannan,Hannan (Hannan Hossain Shimul),Hip-Hop/Rap,2024,Streaming era (2010-),Hip-hop Tradition,tradition,low,1
imran-mahmudul,Imran Mahmudul,Pop,2008,Digital transition (2000-2009),Contemporary Asian Pop,global_artist,low,1
indalo,Indalo,Alternative/Indie,2012,Streaming era (2010-),Pearl Jam,global_artist,high,1
indalo,Indalo,Alternative/Indie,2012,Streaming era (2010-),Alice In Chains,global_artist,high,1
indalo,Indalo,Alternative/Indie,2012,Streaming era (2010-),Soundgarden,global_artist,high,1
indalo,Indalo,Alternative/Indie,2012,Streaming era (2010-),Stone Temple Pilots,global_artist,high,1
jalali-set,Jalali Set,Hip-Hop/Rap,2014,Streaming era (2010-),American Hip-Hop,tradition,medium,1
jalali-set,Jalali Set,Hip-Hop/Rap,2014,Streaming era (2010-),Trap Production,tradition,medium,1
james-nagar-baul,James (Nagar Baul),Mainstream Rock,1977,Founding era (pre-1985),Eric Clapton,global_artist,medium,1
james-nagar-baul,James (Nagar Baul),Mainstream Rock,1977,Founding era (pre-1985),Led Zeppelin,global_artist,medium,1
james-nagar-baul,James (Nagar Baul),Mainstream Rock,1977,Founding era (pre-1985),The Doors,global_artist,medium,1
james-nagar-baul,James (Nagar Baul),Mainstream Rock,1977,Founding era (pre-1985),Mark Knopfler,global_artist,medium,1
karnival,Karnival,Progressive Rock/Metal,2006,Digital transition (2000-2009),The Beatles,global_artist,high,1
karnival,Karnival,Progressive Rock/Metal,2006,Digital transition (2000-2009),Pink Floyd,global_artist,high,1
karnival,Karnival,Progressive Rock/Metal,2006,Digital transition (2000-2009),Radiohead,global_artist,high,1
karnival,Karnival,Progressive Rock/Metal,2006,Digital transition (2000-2009),Motörhead,global_artist,high,1
karnival,Karnival,Progressive Rock/Metal,2006,Digital transition (2000-2009),Alice In Chains,global_artist,high,1
karnival,Karnival,Progressive Rock/Metal,2006,Digital transition (2000-2009),Nirvana,global_artist,high,1
karnival,Karnival,Progressive Rock/Metal,2006,Digital transition (2000-2009),Oasis,global_artist,high,1
karnival,Karnival,Progressive Rock/Metal,2006,Digital transition (2000-2009),Porcupine Tree,global_artist,medium,1
karnival,Karnival,Progressive Rock/Metal,2006,Digital transition (2000-2009),Megadeth,global_artist,medium,1
kona,Kona (Dilshad Nahar Kona),Pop,2006,Digital transition (2000-2009),Contemporary Pop,tradition,medium,1
kona,Kona (Dilshad Nahar Kona),Pop,2006,Digital transition (2000-2009),Electronic-fusion Production,tradition,medium,1
lalon-band,Lalon (Lalon Band),Folk & Folk Fusion,2001,Digital transition (2000-2009),Electric Rock Instrumentation Applied To Baul Repertoire,tradition,medium,1
lrb,LRB (Love Runs Blind),Mainstream Rock,1991,Metal & cassette era (1985-1999),Western Hard Rock,tradition,medium,1
lrb,LRB (Love Runs Blind),Mainstream Rock,1991,Metal & cassette era (1985-1999),Blues Rock,tradition,medium,1
maqsood-o-dhaka,Maqsood O' Dhaka,Folk & Folk Fusion,1997,Metal & cassette era (1985-1999),Jazz,tradition,high,1
maqsood-o-dhaka,Maqsood O' Dhaka,Folk & Folk Fusion,1997,Metal & cassette era (1985-1999),Funk,tradition,high,1
maqsood-o-dhaka,Maqsood O' Dhaka,Folk & Folk Fusion,1997,Metal & cassette era (1985-1999),Reggae,tradition,high,1
maqsood-o-dhaka,Maqsood O' Dhaka,Folk & Folk Fusion,1997,Metal & cassette era (1985-1999),Blues Traditions,tradition,high,1
mechanix,Mechanix,Heavy Metal,2005,Digital transition (2000-2009),Megadeth,tradition,high,1
mechanix,Mechanix,Heavy Metal,2005,Digital transition (2000-2009),Metallica,tradition,high,1
mechanix,Mechanix,Heavy Metal,2005,Digital transition (2000-2009),Judas Priest,tradition,high,1
meghdol,Meghdol,Alternative/Indie,2003,Digital transition (2000-2009),Charles Baudelaire,tradition,medium,1
meghdol,Meghdol,Alternative/Indie,2003,Digital transition (2000-2009),Western Alternative,tradition,low,1
meghdol,Meghdol,Alternative/Indie,2003,Digital transition (2000-2009),Psychedelic Rock Traditions,tradition,low,1
metal-maze,Metal Maze,Heavy Metal,1995,Metal & cassette era (1985-1999),Metallica,global_artist,high,1
metal-maze,Metal Maze,Heavy Metal,1995,Metal & cassette era (1985-1999),Megadeth,global_artist,high,1
metal-maze,Metal Maze,Heavy Metal,1995,Metal & cassette era (1985-1999),Pantera,global_artist,high,1
miles,Miles,Mainstream Rock,1979,Founding era (pre-1985),Western Pop,tradition,medium,1
miles,Miles,Mainstream Rock,1979,Founding era (pre-1985),Rock,tradition,medium,1
minar-rahman,Minar Rahman,Pop,2008,Digital transition (2000-2009),Indie,tradition,medium,1
minar-rahman,Minar Rahman,Pop,2008,Digital transition (2000-2009),Folk,tradition,medium,1
minar-rahman,Minar Rahman,Pop,2008,Digital transition (2000-2009),Alternative Pop Traditions,tradition,medium,1
muza,Muza (Muzahid Abdullah),Pop,2013,Streaming era (2010-),Urban,tradition,medium,1
muza,Muza (Muzahid Abdullah),Pop,2013,Streaming era (2010-),EDM Production Traditions,tradition,medium,1
nancy,Nancy (Nazmun Munira Nancy),Pop,2002,Digital transition (2000-2009),Contemporary Indian,global_artist,low,1
nancy,Nancy (Nazmun Munira Nancy),Pop,2002,Digital transition (2000-2009),South Asian Pop,global_artist,low,1
nemesis,Nemesis,Alternative/Indie,1999,Metal & cassette era (1985-1999),Unspecified In Available Sources,tradition,hypothesized,1
nova,Nova,Mainstream Rock,1986,Metal & cassette era (1985-1999),Pink Floyd,global_artist,high,1
nova,Nova,Mainstream Rock,1986,Metal & cassette era (1985-1999),Queen,global_artist,high,1
nova,Nova,Mainstream Rock,1986,Metal & cassette era (1985-1999),Deep Purple,global_artist,high,1
nova,Nova,Mainstream Rock,1986,Metal & cassette era (1985-1999),The Doors,global_artist,high,1
nova,Nova,Mainstream Rock,1986,Metal & cassette era (1985-1999),Azam Khan,domestic_artist,high,1
owned,Owned,Alternative/Indie,2007,Digital transition (2000-2009),Deftones,global_artist,medium,1
owned,Owned,Alternative/Indie,2007,Digital transition (2000-2009),Slipknot,global_artist,medium,1
owned,Owned,Alternative/Indie,2007,Digital transition (2000-2009),Queens of the Stone Age,global_artist,medium,1
poizon-green,Poizon Green,Heavy Metal,1998,Metal & cassette era (1985-1999),Black Sabbath,global_artist,high,1
poizon-green,Poizon Green,Heavy Metal,1998,Metal & cassette era (1985-1999),Sepultura,global_artist,high,1
poizon-green,Poizon Green,Heavy Metal,1998,Metal & cassette era (1985-1999),Pantera,global_artist,high,1
poizon-green,Poizon Green,Heavy Metal,1998,Metal & cassette era (1985-1999),Motörhead,global_artist,high,1
poizon-green,Poizon Green,Heavy Metal,1998,Metal & cassette era (1985-1999),Machine Head,global_artist,high,1
poizon-green,Poizon Green,Heavy Metal,1998,Metal & cassette era (1985-1999),Iron Maiden,global_artist,high,1
poizon-green,Poizon Green,Heavy Metal,1998,Metal & cassette era (1985-1999),Cannibal Corpse,global_artist,high,1
poizon-green,Poizon Green,Heavy Metal,1998,Metal & cassette era (1985-1999),Morbid Angel,global_artist,high,1
powersurge,Powersurge,Heavy Metal,2006,Digital transition (2000-2009),Metallica,global_artist,high,1
powersurge,Powersurge,Heavy Metal,2006,Digital transition (2000-2009),Slayer,global_artist,high,1
powersurge,Powersurge,Heavy Metal,2006,Digital transition (2000-2009),Megadeth,global_artist,high,1
powersurge,Powersurge,Heavy Metal,2006,Digital transition (2000-2009),Exodus,global_artist,high,1
powersurge,Powersurge,Heavy Metal,2006,Digital transition (2000-2009),Sepultura,global_artist,high,1
powersurge,Powersurge,Heavy Metal,2006,Digital transition (2000-2009),Kreator,global_artist,high,1
powersurge,Powersurge,Heavy Metal,2006,Digital transition (2000-2009),Sodom,global_artist,high,1
powersurge,Powersurge,Heavy Metal,2006,Digital transition (2000-2009),Lamb Of God,global_artist,medium,1
powersurge,Powersurge,Heavy Metal,2006,Digital transition (2000-2009),Dream Theater,global_artist,medium,1
powersurge,Powersurge,Heavy Metal,2006,Digital transition (2000-2009),Pink Floyd,global_artist,medium,1
prometheus,Prometheus,Mainstream Rock,1986,Metal & cassette era (1985-1999),Unspecified In Available Sources,tradition,hypothesized,1
renaissance,Renaissance,Mainstream Rock,1985,Metal & cassette era (1985-1999),Reggae,tradition,medium,1
renaissance,Renaissance,Mainstream Rock,1985,Metal & cassette era (1985-1999),Jazz,tradition,medium,1
renaissance,Renaissance,Mainstream Rock,1985,Metal & cassette era (1985-1999),Blues Traditions,tradition,medium,1
rockstrata,Rockstrata,Heavy Metal,1991,Metal & cassette era (1985-1999),Iron Maiden,global_artist,medium,1
rockstrata,Rockstrata,Heavy Metal,1991,Metal & cassette era (1985-1999),Metallica,global_artist,medium,1
rockstrata,Rockstrata,Heavy Metal,1991,Metal & cassette era (1985-1999),Megadeth,global_artist,medium,1
rockstrata,Rockstrata,Heavy Metal,1991,Metal & cassette era (1985-1999),Deep Purple,global_artist,low,1
rockstrata,Rockstrata,Heavy Metal,1991,Metal & cassette era (1985-1999),Black Sabbath,global_artist,low,1
rockstrata,Rockstrata,Heavy Metal,1991,Metal & cassette era (1985-1999),Motörhead,global_artist,low,1
severe-dementia,Severe Dementia,Heavy Metal,2004,Digital transition (2000-2009),International Brutal,tradition,medium,1
severe-dementia,Severe Dementia,Heavy Metal,2004,Digital transition (2000-2009),Technical Death Metal,tradition,medium,1
shezan,Shezan,Hip-Hop/Rap,2018,Streaming era (2010-),American Hip-Hop,global_artist,medium,1
shironamhin,Shironamhin,Alternative/Indie,1996,Metal & cassette era (1985-1999),Psychedelic,tradition,medium,1
shironamhin,Shironamhin,Alternative/Indie,1996,Metal & cassette era (1985-1999),Progressive Rock Traditions,tradition,medium,1
shonar-bangla-circus,Shonar Bangla Circus,Alternative/Indie,2018,Streaming era (2010-),Surreal Literature,tradition,low,1
shonar-bangla-circus,Shonar Bangla Circus,Alternative/Indie,2018,Streaming era (2010-),Psychedelic,tradition,low,1
shonar-bangla-circus,Shonar Bangla Circus,Alternative/Indie,2018,Streaming era (2010-),Progressive Rock Traditions,tradition,low,1
shunno,Shunno,Alternative/Indie,2007,Digital transition (2000-2009),Western Pop Rock,tradition,low,1
shunno,Shunno,Alternative/Indie,2007,Digital transition (2000-2009),Soft Rock Traditions,tradition,low,1
souls,Souls,Mainstream Rock,1972,Founding era (pre-1985),Western Rock,tradition,medium,1
souls,Souls,Mainstream Rock,1972,Founding era (pre-1985),Pop Cover Circuit,tradition,medium,1
stentorian,Stentorian,Heavy Metal,2001,Digital transition (2000-2009),Multi-subgenre Metal Traditions,tradition,low,1
stoic-bliss,Stoic Bliss,Hip-Hop/Rap,2004,Digital transition (2000-2009),American Hip-Hop,global_artist,high,1
tahsan,Tahsan Rahman Khan,Pop,2004,Digital transition (2000-2009),Grunge,global_artist,medium,1
tahsan,Tahsan Rahman Khan,Pop,2004,Digital transition (2000-2009),Alternative Rock,global_artist,medium,1
theology-of-rap,Theology of Rap,Hip-Hop/Rap,2005,Digital transition (2000-2009),American Hip-Hop,tradition,low,1
trainwreck,Trainwreck,Heavy Metal,2007,Digital transition (2000-2009),Lamb Of God,global_artist,high,1
uptown-lokolz,Uptown Lokolz,Hip-Hop/Rap,2005,Digital transition (2000-2009),American Hip-Hop,global_artist,high,1
vibe,Vibe,Heavy Metal,2001,Digital transition (2000-2009),Contemporaneous Bangladeshi Heavy Metal,tradition,medium,1
vibe,Vibe,Heavy Metal,2001,Digital transition (2000-2009),Alternative Peers,tradition,medium,1
vikings,Vikings,Mainstream Rock,1997,Metal & cassette era (1985-1999),Western Hard Rock Traditions,tradition,low,1
warfaze,Warfaze,Heavy Metal,1984,Founding era (pre-1985),Iron Maiden,global_artist,high,1
warfaze,Warfaze,Heavy Metal,1984,Founding era (pre-1985),Deep Purple,global_artist,high,1
warfaze,Warfaze,Heavy Metal,1984,Founding era (pre-1985),Whitesnake,global_artist,high,1
warfaze,Warfaze,Heavy Metal,1984,Founding era (pre-1985),Dokken,global_artist,high,1
warfaze,Warfaze,Heavy Metal,1984,Founding era (pre-1985),Guns N' Roses,global_artist,high,1
warfaze,Warfaze,Heavy Metal,1984,Founding era (pre-1985),Scorpions,global_artist,high,1
warfaze,Warfaze,Heavy Metal,1984,Founding era (pre-1985),Metallica,global_artist,medium,1
warfaze,Warfaze,Heavy Metal,1984,Founding era (pre-1985),Broader Thrash & Classic Metal,global_artist,medium,1
winning,Winning,Mainstream Rock,1983,Founding era (pre-1985),Azam Khan's Band Lineage,global_artist,medium,1
winning,Winning,Mainstream Rock,1983,Founding era (pre-1985),Heavy Melody-influenced Rock,tradition,low,1
yaatri,Yaatri,Alternative/Indie,2004,Digital transition (2000-2009),Mellow,tradition,low,1
yaatri,Yaatri,Alternative/Indie,2004,Digital transition (2000-2009),Soft Rock Traditions,tradition,low,1
